tibetan,wylie,other,definition
ལན་ཆགས།,"lan chags/","lenchak","karmic debt ■ Karmic debt. A harmful effect that returns to someone who performed a negative action. ■ In dialect, this can mean “difficulty” or “hardship” (dka' tshegs); it can also indicate a “negative condition” or a “source from which suffering arises” (chags sgo). ■ ལན་ཆགས། ■ a particular type of generalized karma which designates a relationship across lives in which the roles of the parties are reversed (a former master becomes the servant to his former servant, etc.). May also refer to the entities that seek retribution; divided into sha 'khon (those who bear malice towards our flesh) and rgyu 'khon (those who bear malice toward our property). Epstein, Dissertation 81, 106. Tucci, Religions 181. bu tsha lan chags snyog pa la byams par byas kyang mgu' ba myi 'ong. Zhi-byed Coll. II 304.7. ■ karmic debts incurred by ■ karmic creditor; karmic credit/ retribution/ a debt; disaster caused by karmic retribution/ fate; misfortune, adversity, calamity, retribution ■ ལན་ཆགས་ཀྱི་མགྲོན་ (guests who are) karmic creditors ■ retribution (answer indebtedness), karmic debts due to past actions, payment ■ [2759] 1༽ གནོད་ལན་རེས་འཁོར་གྱི་རྒྱུན་གནས་པ། ... སྲོག་གི་ལན་ཆགས། ... ཚེ་སྔོན་གྱི་ལན་ཆགས། ... 2༽ ༼ཡུལ༽ 1། དཀའ་ཚེགས། ... 2། ཆགས་སྒོ། ..."
དག་པ་འཇིག་རྟེན་པའི་ཡེ་ཤེས,"dag pa 'jig rten pa'i ye shes/","dakpa jikten peyeshé","དག་པ་འཇིག་རྟེན་པའི་ཡེ་ཤེས ■ A term used by Śāntipa in his Hevajra sādhana, for the ye shes in post-meditation phase, rjes thob (aftereffect of the āvikalpajñāna in meditative equipoise, mnyam gzhag). Skt. śuddhalaukikajñāna."
སྨན་བཅོས་སྐོར་བསྐྱོད,"sman bcos skor bskyod/","menchö korkyö","སྨན་བཅོས་སྐོར་བསྐྱོད"
སྨན་བཅོས་ཁང༌,"sman bcos khang /","menchökhang","སྨན་བཅོས་ཁང༌ ■ clinic ■ clinic"
སྨན་བཅོས་འཕྲོད་བསྟེན,"sman bcos 'phrod bsten/","menchö tröten","སྨན་བཅོས་འཕྲོད་བསྟེན"
སྨན་བཅོས་འཕྲོད་བསྟེན་སྡེ་ཁག,"sman bcos 'phrod bsten sde khag","menchö tröten dekhak","སྨན་བཅོས་འཕྲོད་བསྟེན་སྡེ་ཁག"
སྨན་བཅོས་བྱེད,"sman bcos byed/","menchöjé","སྨན་བཅོས་བྱེད"
སྨན་བཅོས་བྱེད་པ,"sman bcos byed pa/","menchö jepa","སྨན་བཅོས་བྱེད་པ ■ to cure, remedy, treat ■ cure, remedy, treat, examine a patient"
སྨན་བཅོས་མི་སྣ,"sman bcos mi sna/","menchö mina","སྨན་བཅོས་མི་སྣ"
སྨན་བཅོས་ཡོ་བྱད,"sman bcos yo byad/","menchö yojé","སྨན་བཅོས་ཡོ་བྱད"
སྨན་བཅོས་རུ་ཁག,"sman bcos ru khag","menchö rukhak","སྨན་བཅོས་རུ་ཁག"
སྨན་བཅོས་ལས་ཁུངས,"sman bcos las khungs/","menchö lekhung","སྨན་བཅོས་ལས་ཁུངས"
དག་པ་གཉིས,"dag pa gnyis/","dakpanyi","དག་པ་གཉིས ■ nyon mongs pa dang shes bya'i sgrib pa gnyis dag pa'am / rang bzhin gyis dag pa dang glo bur gyis dri mas dag pa gnyis / de gnyis ldan pa'i dbyings mthar thug ni sangs rgyas ngo bo nyid sku'o. Gser Sbram 160. ■ Twofold purity. Inherent or primordial purity and the purity of having removed all temporary obscurations ■ two purities. The purity resulting from the removal of the obscuration of conflicting emotions and the obscuration covering the knowable ཉོན་མོང་གི་སྒྲིབ་དང་ཤེས་བྱའི་སྒྲིབ་ཀྱིས་དག་པ་. Syn སྤང་བ་གཉིས་ ■ two types of purity (rang bzhin, blo dur)"
སྨན་བཅོས་ལས་དོན,"sman bcos las don/","menchö ledön","སྨན་བཅོས་ལས་དོན"
སྨན་བཅོས་ལས་བྱེད་པ,"sman bcos las byed pa/","menchö lejepa","སྨན་བཅོས་ལས་བྱེད་པ"
སྨན་བཅོས་སྲིང་བལ,"sman bcos sring bal/","menchö singbel","སྨན་བཅོས་སྲིང་བལ"
སྨན་ཆང༌,"sman chang /","menchang","སྨན་ཆང༌ ■ tincture or wine, medicinal wine ■ [2163] དོན་སྣོད་ཀྱི་ནད་གང་དང་འཕྲོད་པའི་སྨན་དང་ནས་གཉིས་མཉམ་དུ་བཙོས་ཏེ་ཕབས་རྩི་སྦྱར་ཏེ་བསྙལ་ནས་ལངས་པའི་ཚེ་བཏུང་དགོས་པའི་རླུང་ནད་སེལ་བའི་སྐོམ་གྱི་ནང་ཚན་ཞིག་..."
སྨན་ཆས,"sman chas/","menché","སྨན་ཆས"
སྨན་ཆུ་རྒྱག,"sman chu rgyag","menchugyak","སྨན་ཆུ་རྒྱག"
སྨན་ཆུ་རྒྱག་པ,"sman chu rgyag pa/","menchu gyakpa","སྨན་ཆུ་རྒྱག་པ"
སྨན་ཆུ་གཏོར,"sman chu gtor/","menchutor","སྨན་ཆུ་གཏོར"
སྨན་ཆུ་གཏོར་བ,"sman chu gtor ba/","menchu torwa","སྨན་ཆུ་གཏོར་བ"
སྨན་ཆུ་གཏོར་བྱེད་འཕྲུལ་ཆས,"sman chu gtor byed 'phrul chas/","menchu torjé trülché","སྨན་ཆུ་གཏོར་བྱེད་འཕྲུལ་ཆས ■ sprayer"
སྨན་ཆུ་རིགས་ལྔ,"sman chu rigs lnga/","menchu riknga","སྨན་ཆུ་རིགས་ལྔ ■ [2164] རླུང་ནད་སེལ་བའི་སྨན་ཆུ་མདོག་སྔོ་ལ་རོ་མངར་བ་དང། མཁྲིས་ནད་སེལ་བའི་སྨན་ཆུ་མདོག་སེར་ལ་རོ་ཁ་བ། བད་ཀན་གྱི་ནད་སེལ་བའི་སྨན་ཆུ་མདོག་སྐྱ་ལ་རོ་སྐྱུར་བ། ཁྲག་ནད་སེལ་བའི་སྨན་ཆུ་མདོག་དམར་ལ་རོ་བསྐ་བ། ཆུ་སེར་གྱི་ནད་སེལ་བའི་སྨན་ཆུ་མདོག་སྨུག་ལ་རོ་ཚ་བ་བཅས་ཏེ་ལྔ། ..."
སྨན་ཆེན་པོ,"sman chen po/","menchenpo","སྨན་ཆེན་པོ ■ great medicine"
སྨན་ཆོས,"sman chos/","menchö","སྨན་ཆོས ■ medicinal dharma ■ kind of dye"
སྨན་མཆོག,"sman mchog","menchok","སྨན་མཆོག ■ supreme medicine ■ [2164] ནུས་པ་ཆེ་བའི་སྨན་ཏེ་ཨ་རུ་རྣམ་རྒྱལ་ལྟ་བུ། ..."
སྨན་མཆོད,"sman mchod/","menchö","སྨན་མཆོད ■ medicine offering [of amrita / nectar]; amrita offering, great medicine [of amrita / nectar]; amrita offering ■ amrita offering"
སྨན་ལྗོངས,"sman ljongs/","menjong","སྨན་ལྗོངས ■ the land of herbs ■ valley of medicinal herbs ■ [2164] 1༽ སྨན་རིགས་མང་པོ་སྐྱེ་བའི་ཡུལ། ... 2༽ མཆོག་ཏུ་གྱུར་པའི་ཡུལ་ཁམས། ... 3༽ ༼མངོན༽ སྤང་རི། ..."
སྨན་ཉར་སྤྲོད་ཁང༌,"sman nyar sprod khang /","mennyar trökhang","སྨན་ཉར་སྤྲོད་ཁང༌"
སྨན་ཉར་ཚོང་ཁང༌,"sman nyar tshong khang /","mennyar tsongkhang","སྨན་ཉར་ཚོང་ཁང༌"
སྨན་ཉི་དགའ,"sman nyi dga'/","mennyiga","སྨན་ཉི་དགའ ■ [2164] སྔོ་ཞིག་..."
སྨན་གཉེར,"sman gnyer/","mennyer","སྨན་གཉེར ■ [2164] སྨན་གྱི་དོ་དམ་བྱེད་མཁན། ..."
དག་ར,"dag ra/","dakra","དག་ར ■ ra ba. Btsan-lha. ■ species of garlic"
སྨན་རྙིང༌,"sman rnying /","mennying","སྨན་རྙིང༌ ■ [2164] སྨན་ཙེ་རྙིང་མ་སྟེ། སྲིན་འབུའི་དར་སྐུད་ལས་བཟོས་པའི་གྲུའུ་ཙེ་སེར་པོ་ཤིང་ལོ་དང་ཤིང་ཏོག་གི་རི་མོ་ཡོད་པ་ཞིག་..."
སྨན་གཏོར,"sman gtor/","mentor","སྨན་གཏོར"
སྨན་གཏོར་ཡོ་བྱད,"sman gtor yo byad/","mentor yojé","སྨན་གཏོར་ཡོ་བྱད"
སྨན་ལྟ་བུའི་སེམས་བསྐྱེད,"sman lta bu'i sems bskyed/","menta büsemkyé","སྨན་ལྟ་བུའི་སེམས་བསྐྱེད ■ [2164] སེམས་བསྐྱེད་ཉེར་གཉིས་ཀྱི་ནང་གསེས། ས་དྲུག་པ་བའི་རྒྱུད་ཀྱི་ཤེར་རབ་ཀྱི་ཕར་ཕྱིན་དང་ལྡན་པའི་སེམས་བསྐྱེད་ནི་ཆགས་སོགས་ཉོན་མོངས་པ་དང་གཟུང་བར་རྟོག་པ་སོགས་ཤེས་བྱའི་སྒྲིབ་པའི་ནད་རབ་ཏུ་ཞི་བར་བྱེད་པས་ན་སྨན་ལྟ་བུའོ། ..."
སྨན་བསྟེན་པ,"sman bsten pa/","mentenpa","སྨན་བསྟེན་པ ■ applying medicines ■ [2164] སྨན་འཐུང་བ། ..."
སྨན་ཐུན,"sman thun/","mentün","སྨན་ཐུན ■ [2165] སྨན་གཏོང་ཐེངས་རེའི་སྤོམ་ཚད། ..."
སྨན་མཐུ,"sman mthu/","mentu","སྨན་མཐུ ■ [2165] སྨན་གྱི་ནུས་ཤུགས། ..."
སྨན་འཐུར,"sman 'thur/","mentur","སྨན་འཐུར"
སྨན་འཐོར་འཕྲུལ་ཆས,"sman 'thor 'phrul chas/","mentor trülché","སྨན་འཐོར་འཕྲུལ་ཆས"
སྨན་དང་མཁྱུད་དཔྱད,"sman dang mkhyud dpyad/","mendang khyüché","སྨན་དང་མཁྱུད་དཔྱད ■ medicine and treatment"
དག་ས་གསུམ,"dag sa gsum/","daksasum","དག་ས་གསུམ ■ dag pa'i sa gsum. The three highest of the ten bhūmis."
སྨན་དང་ས་བོན་མཉམ་སྲེ,"sman dang sa bon mnyam sre/","mendang sabön nyamsé","སྨན་དང་ས་བོན་མཉམ་སྲེ"
སྨན་ལྡེ,"sman lde/","mendé","སྨན་ལྡེ"
སྨན་སྡོང་མཚོ,"sman sdong mtsho/","mendongtso","སྨན་སྡོང་མཚོ ■ [2165] སྤང་འཁོར་མཚོ་ཟེར། བོད་རང་སྐྱོང་ལྗོངས་ཀྱི་རུ་ཐོག་རྫོང་གི་ནུབ་རྒྱུད་ན་ཡོད། ..."
སྨན་བརྡུང་སྦྱོར་ཁང༌,"sman brdung sbyor khang /","mendung jorkhang","སྨན་བརྡུང་སྦྱོར་ཁང༌"
སྨན་བསྡུས,"sman bsdus/","mendü","སྨན་བསྡུས"
སྨན་ནད,"sman nad/","menné","སྨན་ནད ■ [2165] བཙན་དུག་དང། ཐང་ཕྲོམ་ལྟ་བུ་དུག་ཤས་ཡོད་པའི་སྨན། ..."
སྨན་ནུས,"sman nus/","mennü","སྨན་ནུས ■ [2165] སྨན་གྱི་ནུས་ཤུགས། ..."
སྨན་རྣམ་བཞི,"sman rnam bzhi/","mennamzhi","སྨན་རྣམ་བཞི"
སྨན་སྣ,"sman sna/","menna","སྨན་སྣ ■ samples of different medicinal plants ■ spices ■ different medicines, various spices mixed up together, spice ■ [2165] 1༽ སྨན་རིགས་སྣ་ཚོགས། ... 2༽ ཟས་ཀྱི་བྲོ་བ་འདོན་བྱེད་ཤ་སྨན། ..."
སྨན་སྣ་རྒྱག,"sman sna rgyag","mennagyak","སྨན་སྣ་རྒྱག"
དྭགས་སྨན་བཅོ་ལྔ,"dwags sman bco lnga/","dakmen chonga","དྭགས་སྨན་བཅོ་ལྔ ■ a medicinal preparation. Prescriptions 66. Lag-len 45.1. TMC 17 (31). dwags po'i sman nag bco lnga. BP 327.5."
སྨན་པ་དཀའ་བཅུ་བ,"sman pa dka' bcu ba/","menpa kachuwa","སྨན་པ་དཀའ་བཅུ་བ ■ [2165] རྒྱུད་བཞི་རྩ་འགྲེལ་དང། ཆ་ལག་ཁ་སྐོང། མདོ་བྱང་བཅས་བློར་ཐོན་ཅིང། དེ་དག་ལག་ལེན་དུ་སྤྱོད་ཤེས་པའི་སྨན་པའི་མཚན་སྙན། ..."
སྨན་པ་བསྟན,"sman pa bstan/","menpaten","སྨན་པ་བསྟན"
སྨན་པ་བསྟེན,"sman pa bsten/","menpaten","སྨན་པ་བསྟེན ■ to consult a doctor; x ནད་ཚབ་པོ་ཆེས་བཏབ་པའི་ནད་པ་དེས་སྨན་པ་མཁས་པ་ཞིག་བསྟེན་ when people are seriously ill, they go to consult a good doctor"
སྨན་པ་བསྡུས་ར་བ,"sman pa bsdus ra ba/","menpa dürawa","སྨན་པ་བསྡུས་ར་བ ■ [2165] རྩ་རྒྱུད་དང། བཤད་རྒྱུད། ཕྱི་མ་རྒྱུད་བཅས་ཀྱི་རྩ་འགྲེལ་ཆ་ལག་དང་བཅས་པའི་དོན་བློར་ཚུད་ཅིང་ལག་ལེན་བྱ་ཤེས་པའི་སྨན་པའི་མཚན་སྙན། ..."
སྨན་པ་འབུམ་རམས་པ,"sman pa 'bum rams pa/","menpa bumrampa","སྨན་པ་འབུམ་རམས་པ ■ [2165] གསོ་བ་རིག་པའི་གཞུང་ལུགས་དང་ལག་ལེན་གང་ལ་ཐོགས་པ་མེད་པའི་སྨན་པ་མཁས་པའི་མཚན་སྙན་ཞིག་སྟེ། རྒྱུད་བཞི་རྩ་འགྲེལ་དང། ཆ་ལག་ཁ་སྐོང། མདོ་བྱང། ཕྱོགས་རིགས་ཀྱི་སྨན་པ་དགུས་བསྒྱུར་པའི་གསོ་དཔྱད་ཀྱི་གཞུང། བོད་ཀྱི་མཁས་པ་མི་དགུས་མཛད་པའི་གཞུང་སྨན་དཔྱད་ཟླ་བའི་རྒྱལ་པོ། བདུད་རྩི་བུམ་པ་ཆེ་ཆུང། ཡན་ལག་བརྒྱད་པའི་སྙིང་པོ་བསྡུས་པ། དྲང་སྲོང་སྙན་རྒྱུད། ཚིག་དོན་ཟླ་ཟེར་སོགས་ཀྱི་རྩ་འགྲེལ། ཁ་སྐོང། ཆ་ལག་རྣམས་བློ་ལ་ཐོན་ཅིང། དེ་དག་གི་དོན་ལག་ལེན་དུ་སྒྲིལ་ཤེས་པ་ལ་བྱའོ། ..."
སྨན་པ་ར་སྟེན་པ,"sman pa ra sten pa/","menpa ratenpa","སྨན་པ་ར་སྟེན་པ ■ to consult a doctor, doctor, physician"
སྨན་པ་རབ་འབྱམས་པ,"sman pa rab 'byams pa/","menpa ranjampa","སྨན་པ་རབ་འབྱམས་པ ■ [2166] གསོ་བ་རིག་པའི་གཞུང་ལུགས་དང་ལག་ལེན་གང་ལ་བྱང་ཆུབ་པའི་སྨན་པ་མཁས་པའི་མཚན་སྙན་ཞིག་སྟེ། རྒྱུད་བཞི་རྩ་འགྲེལ་དང། ཆ་ལག་ཁ་སྐོང། མདོ་བྱང། བོད་ཀྱི་མཁས་པ་མི་དགུས་མཛད་པའི་གསོ་དཔྱད་ཀྱི་གདམས་པ། སྨན་དཔྱད་ཟླ་བའི་རྒྱལ་པོ། བདུད་རྩི་བུམ་པ་རྩ་འགྲེལ་ཆ་ལག་དང་བཅས་པ་བློ་ལ་ཐོན་ཅིང་ལག་ཤེས་ཁོང་དུ་ཆུབ་པ་ལ་བྱའོ། ..."
སྨན་པའི་བཀའ་སློབ,"sman pa'i bka' slob/","menpé kalop","སྨན་པའི་བཀའ་སློབ"
སྨན་པའི་རྒྱལ་པོ,"sman pa'i rgyal po/","menpé gyelpo","སྨན་པའི་རྒྱལ་པོ ■ the King of Physicians, physician-king ■ the King of Physicians ■ physician-king ■ [2166] 1༽ སངས་རྒྱས་སྨན་བླའི་མཚན་གྱི་རྣམ་གྲངས་ཤིག་... 2༽ རྒྱ་གར་དུ་འཚོ་བྱེད་གཞོན་ནུ་དང། བོད་དུ་རྗེ་བཙུན་གཡུ་ཐོག་ཡོན་ཏན་མགོན་པོ་གསར་རྙིང་གཉིས་ལྟ་བུ། ..."
སྨན་པའི་རྒྱུད་དྲུག,"sman pa'i rgyud drug","menpé gyüdruk","སྨན་པའི་རྒྱུད་དྲུག"
དང༌,"dang /","dang","དང༌ ■ Acc. to Stein, equiv. to rang. ■ Hopkins' Translations: and; with; orOthers' Translations: {C}but; moreover; however; together withSanskrit: {C}ca; {MSA}prasanna; {MSA}prasāda; {C}atha; {C}sārdham ■ ca ■ + # - acts to total up a list just mentioned; and. This particle has five uses. connecting སྡུད་པ་ distinguishing འབྱེད་པ་ causal རྒྱུ་མཚན་ time and place ཚེ་སྐབས་ and advice or imperative གདམས་ངག་ meadow, to read in a singing or drawling manner, moreover, with, together with, as soon as, immediately after, polite imperative; + number - an enumeration (1, 2, 3.) ■ and, as, as well as, off, away, from, together with, with, (connecting, separating), because of, on account of, by reason of, when, as soon as, occasion, opportunity, exhortation, advice, entreaty, (continuative particle at end of clause), meadow, and, SA pa dang, polite verbal imperative, conjunction of *adjectives, with ■ [1239] 1. སུམ་ཅུ་པར། གསུམ་པ་ལ་ནི་གཉིས་པ་སྦྱར། དེ་ནི་སྡུད་དང་འབྱེད་པ་དང། རྒྱུ་མཚན་ཚེ་སྐབས་གདམས་ངག་ལྔ། ཞེས་པ་ལྟར་དང་སྒྲ་འདི་ནི་དོན་ལྔ་ལ་འཇུག་པའི་ཕྲད་ཅིག་... དང་... 1༽ སྡུད་པ་ལ་འཇུག་པ། ... སྐྲ་དང་ཁ་སྤུ། ... གཅིག་དང་གཉིས། ... 2༽ འབྱེད་པ་ལ་འཇུག་པ། ... 1. གཞི་གཅིག་ནས་དུ་མ་འབྱེད་པ། ... དབང་པོ་ལྔ་ནི་མིག་དང་རྣ་བ་དང་སྣ་དང་ལྕེ་དང་ལུས་སོ། ... 2. འབྱེད་སྡུད་རྒྱུ་མཚན་ཚེ་སྐབས་གདམས་ངག་གང་ཡང་མ་ཡིན་པར་བྱ་ཚིག་སོགས་དང་སྦྱར་བ། ... ཁོང་དང་ལྷན་ཅིག་ཏུ་སླེབ་པ། ... ཁྱོད་དང་མཉམ་དུ་འགྲོ། ... ཁྲིམས་དང་འགལ་བ། ... ཁྲིམས་ཚུལ་བཞིན་ཁུར་ན་དང། གལ་སྲིད་མ་ཁུར་ན་ཉེས་པ་ཡོང། ... གོང་དང་མཚུངས་པ། ... མི་དང་འདྲ་བ། ... གྲོགས་པོ་དང་འགྲོགས་པ། ... དགྲ་དང་འཐབ་པ། ... ཆུ་དང་གཅིག་མེ་དང་གཉིས། རླུང་དང་གསུམ། ... ལུགས་དང་མཐུན་པ། ... ཆུ་དང་ཐག་ཉེ་བ། ... ཉེན་ཁ་དང་འཕྲད་པ། ... གཉེན་དང་བྲལ་བ། ... ཕ་མ་དང་འགྲོགས་པ། ... ཡི་གེ་དང་སྦྲགས་ནས་བཏང་བ། ... 3༽ རྒྱུ་མཚན་ལ་འཇུག་པ། ... སྨན་ཟོས་པ་དང་ནད་དྲག་པ། ... འགྲེལ་བཤད་ཞིབ་གསལ་བྱས་པ་དང་དོན་གནད་རྟོགས་པ། ... 4༽ ཚེ་སྐབས་ལ་འཇུག་པ། ... ཉི་མ་ཤར་བ་དང་ཕྱིན་པ། ... ཁོ་སླེབས་པ་དང་འགོ་བཙུགས་པ། ... 2. གདམས་ངག་ལ་འཇུག་པ། ... ལྟོས་དང། ... ལེགས་པར་སློབས་དང། ..."
སྨན་པོ,"sman po/","menpo","སྨན་པོ"
སྨན་དཔའ་བོ་ཆིག་ཐུབ,"sman dpa' bo chig thub/","menpa bochiktup","སྨན་དཔའ་བོ་ཆིག་ཐུབ ■ the medicine that cures all deceases, panacea"
སྨན་དཔྱད,"sman dpyad/","menché","སྨན་དཔྱད ■ medical treatment; medical cure, treatment, medical treatment. ~བརྟེན་ to rely on the ~ ■ medicine, medical examination, medical check-up ■ [2166] སྨན་དང་བཅོས་ཐབས། ..."
སྨན་དཔྱད་ཁང༌,"sman dpyad khang /","menchekhang","སྨན་དཔྱད་ཁང༌"
སྨན་དཔྱད་བརྟེན,"sman dpyad brten/","mencheten","སྨན་དཔྱད་བརྟེན ■ to follow a cure, rely on medical treatment ■ rely upon medical treatment"
སྨན་དཔྱད་བྱེད,"sman dpyad byed/","menchejé","སྨན་དཔྱད་བྱེད"
སྨན་དཔྱད་ཟས་སྤྱོད,"sman dpyad zas spyod/","menché zechö","སྨན་དཔྱད་ཟས་སྤྱོད ■ [2166] ནད་པ་གསོ་བར་བྱེད་པའི་ཐབས་ཤེས་བཞི་སྟེ། སྦྱོར་བ་སྨན་དང། ཆ་བྱད་དཔྱད། འཚོ་བ་ཟས། བྱ་བ་སྤྱོད་ལམ་བཅས་སོ། ..."
སྨན་དཔྱད་ཟླ་བའི་རྒྱལ་པོ,"sman dpyad zla ba'i rgyal po/","menché dawé gyelpo","སྨན་དཔྱད་ཟླ་བའི་རྒྱལ་པོ ■ [2166] དུས་རབས་བརྒྱད་པའི་ནང་ཆོས་རྒྱལ་ཁྲི་སྲོང་ལྡེའུ་བཙན་གྱི་དུས་སུ་རྒྱ་ནག་གི་ཧྭ་ཤང་མ་ཧཱ་ཡ་ན་དང། ལོ་ཆེན་བཻ་རོ་ཙ་ན་གཉིས་ཀྱིས་བསྒྱུར་པའི་རྒྱ་ནག་གི་སྨན་གཞུང་ཞིག་སྟེ། དེ་མཛད་པ་པོ་འཕགས་པ་འཇམ་དཔལ་ལ་བཞེད་པ་དང། སློབ་དཔོན་ཀླུ་སྒྲུབ་ལ་བཞེད་པ། རྒྱ་ནག་གི་སྨན་པ་མཁས་པ་ཞིག་ལ་བཞེད་པ། མཁས་མང་མཉམ་དུ་བགྲོས་ནས་བརྩམས་པར་བཞེད་པ་བཅས་མི་འདྲ་བ་མཆིས་སོ། ..."
སྨན་ཕོར,"sman phor/","menpor","སྨན་ཕོར ■ [2166] སྨན་བླུག་སྣོད་ཀྱི་བྱེ་བྲག་ཅིག་..."
སྨན་ཕྱེ་གཏོར་བྱེད་འཕྲུལ་ཆས,"sman phye gtor byed 'phrul chas/","menché torjé trülché","སྨན་ཕྱེ་གཏོར་བྱེད་འཕྲུལ་ཆས"
དང་ཀ,"dang ka/","dangka","དང་ཀ ■ (sp?) KP4 555.2."
སྨན་འཕྱག་ཕག་ཟེ,"sman 'phyag phag ze/","menchak pakzé","སྨན་འཕྱག་ཕག་ཟེ"
སྨན་འཕྲོད་པ,"sman 'phrod pa/","mentröpa","སྨན་འཕྲོད་པ ■ [2166] སྨན་གྱིས་ཕན་པ། ..."
སྨན་བྱིན་རླབས,"sman byin rlabs/","menjinlap","སྨན་བྱིན་རླབས ■ [2166] བསྙེན་པར་རྫོགས་པས་སྨན་བཞི་གང་རུང་ལོངས་སྤྱོད་པ་ན། སྨན་དེ་ཉིད་བྱིན་ལེན་བྱས་ཏེ། སྦྱོར་བ་ལེན་ཡུལ་དེ་ཉིད་རྒན་ན་ཕྱག་གསུམ་བྱ། མདུན་དུ་ཙོག་པུར་འདུག་གཉིས་ཀའི་ལག་པ་གཡོན་པར་བཞག་གཡས་པས་སྟེང་དུ་དགབ་ནས་སྨན་བྱིན་རླབས་ཀྱི་ཆོ་ག་ལ་ཐུགས་གཏད་པར་ཞུས་ཏེ། དངོས་གཞི་སྨན་བཞིའི་བྱིན་རླབས་ཀྱི་ཆོ་ག་ལན་གསུམ་བརྗོད་དེ་ཐབས་ལེགས་བྱ། རྗེས་སུ་ཕྱག་བྱས་ཏེ། བཀའ་དྲིན་ཆེ་ཞུ་བ་དང། ཡུལ་གྱིས་ཆོས་བཞིན་འདུལ་བ་བཞིན་མཛད་པ་ངོ་མཚར་ཆེ་ཞེས་བརྗོད་པ་བཅས་སོ། ..."
སྨན་བྱེད་པ,"sman byed pa/","menjepa","སྨན་བྱེད་པ ■ to examine a patient"
སྨན་བླ,"sman bla/","menla","སྨན་བླ ■ lama-doctor ■ [Syn སངས་རྒྱས་སྨན་བླ་ Buddha Supreme Healer] ■ སངས་རྒྱས་སྨན་བླ་, Buddha Supreme Healer ■ bhaisajyaguru, supreme physician, medicine buddha, buddha presiding over the healing art ■ [2167] སངས་རྒྱས་ཤིག་གི་མཚན། ..."
སྨན་སྦྱར,"sman sbyar/","menjar","སྨན་སྦྱར ■ herbal ingredient, medicinal compound; herbal ingredient, medicinal compound, medicine sadhana. the blessed medicinal substance [made in such sadhana-ritual] ■ herbal ingredients"
སྨན་སྦྱར་བ,"sman sbyar ba/","menjarwa","སྨན་སྦྱར་བ ■ the medicinal compound ■ the medicinal compound ■ mix up medicine"
སྨན་སྦྱིན་ཁང༌,"sman sbyin khang /","menjinkhang","སྨན་སྦྱིན་ཁང༌"
སྨན་སྦྱོར,"sman sbyor/","menjor","སྨན་སྦྱོར ■ medicinal compound ■ medicinal compound ■ medicinal compound ■ [2167] སྨན་གྱི་སྦྱོར་སྡེབ་ཀྱི་བསྡུས་ཚིག་"
སྨན་སྦྱོར་ཁང༌,"sman sbyor khang /","menjorkhang","སྨན་སྦྱོར་ཁང༌ ■ pharmacy ■ hospital, pharmacy, clinic"
དང་ཀ་འབྱེད་པ,"dang ka 'byed pa/","dangka jepa","དང་ཀ་འབྱེད་པ ■ zas za bar spro ba. Btsan-lha."
སྨན་སྦྱོར་བ,"sman sbyor ba/","menjorwa","སྨན་སྦྱོར་བ"
སྨན་སྦྱོར་བྱེད,"sman sbyor byed/","menjorjé","སྨན་སྦྱོར་བྱེད"
སྨན་སྦྱོར་བྱེད་མཁན,"sman sbyor byed mkhan/","menjor jemkhen","སྨན་སྦྱོར་བྱེད་མཁན"
སྨན་མར,"sman mar/","menmar","སྨན་མར ■ liquid mixture, medicine butters ■ [2167] སྨན་གྱི་དྭངས་མ་མར་ལ་བསྟིམས་ཏེ་ལུས་སྟོབས་གསོ་བ་སོགས་ལ་ཕན་པའི་སྨན་སྦྱོར་ཞིག་..."
སྨན་མིང་སྒྲ་སྦྱོར་ངེས་པ,"sman ming sgra sbyor nges pa/","menming drajor ngepa","སྨན་མིང་སྒྲ་སྦྱོར་ངེས་པ ■ [2167] ཁ་ཆེ་པཎ་ཆེན་ཟླ་བ་མངོན་པ་དགའ་བས་མཛད་པའི་ཟླ་ཟེར་གྱི་སྨན་མིང་རྣམས་ལོགས་སུ་བཀོད་པའི་སྨན་གྱི་བསྟན་བཅོས་ཤིག་..."
སྨན་མོ,"sman mo/","menmo","སྨན་མོ ■ 1) maiden. 2) menmo spirit. female demons inhabiting the countryside ■ Menmo sisters, four naginis inhabiting Lake Kokonor ■ Four Menmo sisters, guardians of Lake Kokonor"
སྨན་མོ་མཆེད་བདུན,"sman mo mched bdun/","menmo chedün","སྨན་མོ་མཆེད་བདུན ■ Seven Menmo Sisters"
སྨན་རྩི,"sman rtsi/","mentsi","སྨན་རྩི ■ like ཁ་བཏགས་ a dyed ཁ་བཏགས་ with designs. long ■ [2167] སྨན། ..."
སྨན་རྩིང༌,"sman rtsing /","mentsing","སྨན་རྩིང༌"
སྨན་རྩིས,"sman rtsis/","mentsi","སྨན་རྩིས ■ [2167] སྨན་དཔྱད་དང་རྩིས་རིག་..."
དང་ཀོ,"dang ko/","dangko","དང་ཀོ ■ dwangs po Btsan-lha."
སྨན་རྩིས་ཁང༌,"sman rtsis khang /","mentsikhang","སྨན་རྩིས་ཁང༌ ■ Mentsikhang in Lhasa. Department of Medicine and Astrology ■ house of medicine and astronomy"
སྨན་ཚགས,"sman tshags/","mentsak","སྨན་ཚགས ■ [2167] སྨན་རྩིང་ཞིབ་རིམ་པ་འབྱེད་བྱེད་ཀྱི་ཡོ་བྱད་ཅིག་..."
སྨན་ཚད,"sman tshad/","mentsé","སྨན་ཚད ■ [2167] སྨན་གྱི་སྦྱོར་ཚད་དམ་ཐུན་ཚད། ..."
སྨན་ཚེ,"sman tshe/","mentsé","སྨན་ཚེ"
སྨན་ཚོང་ཁན,"sman tshong khan/","mentsongkhen","སྨན་ཚོང་ཁན"
སྨན་འཚོ་བའི་ཡོ་བྱད་བཅུ་གསུམ,"sman 'tsho ba'i yo byad bcu gsum/","mentso beyo jechusum","སྨན་འཚོ་བའི་ཡོ་བྱད་བཅུ་གསུམ"
སྨན་རྫས,"sman rdzas/","mendzé","སྨན་རྫས"
སྨན་རྫུས,"sman rdzus/","mendzü","སྨན་རྫུས ■ [2167] སྨན་ངོ་མ་མ་ཡིན་པ། ..."
སྨན་ཞབས,"sman zhabs/","menzhap","སྨན་ཞབས ■ proponent of Svatantrika; Vitapaada"
སྨན་གཞུང༌,"sman gzhung /","menzhung","སྨན་གཞུང༌ ■ [2167] སྨན་དཔྱད་ཀྱི་ཐབས་སྟོན་པའི་རིག་གཞུང་སྟེ། རྒྱ་གར་གྱི་ཡན་ལག་བརྒྱད་པ་དང། རྒྱ་ནག་གི་ཟླ་བའི་རྒྱལ་པོ། བོད་ཀྱི་དཔལ་ལྡན་རྒྱུད་བཞི་ལྟ་བུའོ། ..."
ལན་ཆགས།,"lan chags/","lenchak","karmic debt ■ Karmic debt. A harmful effect that returns to someone who performed a negative action. ■ In dialect, this can mean “difficulty” or “hardship” (dka' tshegs); it can also indicate a “negative condition” or a “source from which suffering arises” (chags sgo). ■ ལན་ཆགས། ■ a particular type of generalized karma which designates a relationship across lives in which the roles of the parties are reversed (a former master becomes the servant to his former servant, etc.). May also refer to the entities that seek retribution; divided into sha 'khon (those who bear malice towards our flesh) and rgyu 'khon (those who bear malice toward our property). Epstein, Dissertation 81, 106. Tucci, Religions 181. bu tsha lan chags snyog pa la byams par byas kyang mgu' ba myi 'ong. Zhi-byed Coll. II 304.7. ■ karmic debts incurred by ■ karmic creditor; karmic credit/ retribution/ a debt; disaster caused by karmic retribution/ fate; misfortune, adversity, calamity, retribution ■ ལན་ཆགས་ཀྱི་མགྲོན་ (guests who are) karmic creditors ■ retribution (answer indebtedness), karmic debts due to past actions, payment ■ [2759] 1༽ གནོད་ལན་རེས་འཁོར་གྱི་རྒྱུན་གནས་པ། ... སྲོག་གི་ལན་ཆགས། ... ཚེ་སྔོན་གྱི་ལན་ཆགས། ... 2༽ ༼ཡུལ༽ 1། དཀའ་ཚེགས། ... 2། ཆགས་སྒོ། ..."
དང་ཁ་ལྡོག་པ,"dang kha ldog pa/","dangkha dokpa","དང་ཁ་ལྡོག་པ ■ zhen kha log pa. 367 II 132.2."
སྨན་གཞུང་ལས་བཅོས་པ་ཡན་ལག་བརྒྱད,"sman gzhung las bcos pa yan lag brgyad/","menzhung lechö payen lakgyé","སྨན་གཞུང་ལས་བཅོས་པ་ཡན་ལག་བརྒྱད"
སྨན་གཞོང༌,"sman gzhong /","menzhong","སྨན་གཞོང༌ ■ valley of medicinal herbs ■ [2167] སྨན་འདུལ་སའི་རྡོའི་གཞོང་པ་ལྟ་བུ། ..."
སྨན་ཟབ་པ,"sman zab pa/","menzappa","སྨན་ཟབ་པ ■ [2167] ཕན་སྟོབས་ཆེ་བའི་སྨན། ..."
སྨན་ཟུག་པ,"sman zug pa/","menzukpa","སྨན་ཟུག་པ"
སྨན་ཟོག,"sman zog","menzok","སྨན་ཟོག"
སྨན་ཟོང༌,"sman zong /","menzong","སྨན་ཟོང༌ ■ drugs ■ [2167] སྨན་གྱི་རྒྱུ་ཆའི་རིགས། ..."
སྨན་བཟང་པོ་དྲུག,"sman bzang po drug","menzang podruk","སྨན་བཟང་པོ་དྲུག"
སྨན་བཟང་རོ་ཁ,"sman bzang ro kha/","menzang rokha","སྨན་བཟང་རོ་ཁ ■ [2167] འཕྲལ་ལ་གནོད་པ་ལྟར་སྣང་ཡང། ཕུགས་སུ་ཕན་ཆེ་བའི་དཔེ། ... སྨན་བཟང་རོ་ཁ་ནད་ལ་ཕན། ..."
སྨན་བཟང་རོ་ཁ་ནད་ལ་ཕན,"sman bzang ro kha nad la phan/","menzang rokha nelapen","སྨན་བཟང་རོ་ཁ་ནད་ལ་ཕན"
སྨན་བཟོའི་བཟོ་གྲྭ,"sman bzo'i bzo grwa/","menzö zodra","སྨན་བཟོའི་བཟོ་གྲྭ"
དྭང་ག,"dwang ga","danga","དྭང་ག ■ Central Tibetan for yi ga (q.v.). ■ appetite ■ appetite"
སྨན་འུ་སུ,"sman 'u su/","menusu","སྨན་འུ་སུ ■ [2167] སྔོ་ཞིག་..."
སྨན་ཡན་ལག་བརྒྱད་པ,"sman yan lag brgyad pa/","menyen lakgyepa","སྨན་ཡན་ལག་བརྒྱད་པ ■ the eightfold way of medicinal practice; the eightfold way of medical practice, (Begins with diagnosis, pulse, urine, etc.--the eight steps in treating a patient), Eight branches of medicine: curing, healing, expelling, pharmacology, application of oil, reciting mantras, surgery, and regeneration ■ eightfold way of medical practice"
སྨན་ཡིག,"sman yig","menyik","སྨན་ཡིག ■ prescriptions; x སྨན་དང་སྨན་ཡིག་ medications and prescriptions ■ prescription; medicine manual, prescription ■ prescription, recipe ■ [2167] སྨན་དཔེ་སྟེ་གསོ་བ་རིག་པའི་སྐོར་གྱི་གཞུང་ལུགས་དང། ལག་ལེན་རྣམས་སྟོན་པར་བྱེད་པའི་ཡི་གེ། ..."
སྨན་ཡོན,"sman yon/","menyön","སྨན་ཡོན ■ physician's fee ■ [2167] 1༽ སྨན་གྱི་ཡོན་ཏན། ... 2༽ སྨན་གྱི་རིན། ..."
སྨན་གཡོག,"sman g.yog","menyok","སྨན་གཡོག"
སྨན་གཡོག་རྒྱུགས,"sman g.yog rgyugs/","menyokgyuk","སྨན་གཡོག་རྒྱུགས"
སྨན་གཡོག་བྱེད,"sman g.yog byed/","menyokjé","སྨན་གཡོག་བྱེད"
སྨན་རག,"sman rag","menrak","སྨན་རག"
སྨན་རམ,"sman ram/","menram","སྨན་རམ ■ [2168] སྔོ་ཞིག་..."
སྨན་རམས་པ,"sman rams pa/","menrampa","སྨན་རམས་པ ■ [2168] གསོ་བ་རིག་པའི་གཞུང་དོན་འཆད་རྩོད་རྩོམ་གསུམ་གང་ལའང་ཐོགས་པ་མེད་པའི་སྨན་པ་མཁས་པའི་ཆེ་མིང། ..."
དང་ཐོག,"dang thog","dangtok","དང་ཐོག ■ Evidently a contraction of the words dang po & thog ma, meaning the very first or the original. Used several times in Bon Kanjur (192-vol. version) CXLII 41-42, to mean the yig mgo (the 'leading letter,' or snake-heads used at the beginning of a dpe cha page). ■ at first, initially ■ at first, initially, formerly, originally, the beginning, first ■ [1240] དང་པོའམ་ཐོག་མའི་དུས། ... ཕྱོགས་གཉིས་ཀྱི་ལྟ་ཚུལ་དང་ཐོག་ཉིད་ནས་གཅིག་མཐུན་བྱུང་ཡོད། ..."
སྨན་རས,"sman ras/","menré","སྨན་རས"
སྨན་རས་འཆིང༌,"sman ras 'ching /","menrenching","སྨན་རས་འཆིང༌"
སྨན་རི་ཤོད་ལྕགས་ཟམ,"sman ri shod lcags zam/","menri shöchakzam","སྨན་རི་ཤོད་ལྕགས་ཟམ ■ [2168] ཡུན་ནན་ཞིང་ཆེན་གྱི་འཇོལ་རྫོང་ཁོངས་ཟླ་ཆུའི་ཐོག་ལ་བཙུགས་པའི་ལྕགས་ཟམ་ཞིག་..."
སྨན་རིག,"sman rig","menrik","སྨན་རིག"
སྨན་རིག་སློབ་གྲྭ་ཆེན་པོ,"sman rig slob grwa chen po/","menrik lopdra chenpo","སྨན་རིག་སློབ་གྲྭ་ཆེན་པོ"
སྨན་རིགས,"sman rigs/","menrik","སྨན་རིགས ■ [2168] སྨན་གྱི་རིགས་སྤྱི། ..."
སྨན་རིགས་ཚོང་ཁང༌,"sman rigs tshong khang /","menrik tsongkhang","སྨན་རིགས་ཚོང་ཁང༌ ■ chemist's shop, drugstore ■ chemist's shop, drugstore"
སྨན་རིན,"sman rin/","menrin","སྨན་རིན ■ medical fees; མི་རེ་བ་ལ་སྨན་རིན་ལེན་པ་ to extort medical fees from the hopeful"
སྨན་རིལ,"sman ril/","menril","སྨན་རིལ ■ [2168] སྨན་གྱི་ཕྱེ་མ་ལ་བརླན་ཕབ་ནས་མགོ་བསྡུས་ཏེ་གོང་བུར་དྲིལ་བའི་རིལ་བུ། ..."
སྨན་རོ,"sman ro/","menro","སྨན་རོ ■ [2168] 1༽ ཁུ་བ་བཏོན་པའི་སྨན་སྙིགས། ... 2༽ སྨན་གྱི་བྲོ་བའི་རོ། ... སྨན་རོ་བསྐ་རུང་ནད་ལ་ཕན། སྙིང་གཏམ་རྩུབ་རུང་མི་ལ་ཕན། ..."
དང་དིང༌,"dang ding /","dangding","དང་དིང༌ ■ Zhi-byed Coll. II 260.2. See under 'a 'u."
སྨན་རླབས་ཅན,"sman rlabs can/","menlapchen","སྨན་རླབས་ཅན"
སྨན་ལེན་ཁང༌,"sman len khang /","menlenkhang","སྨན་ལེན་ཁང༌"
སྨན་ལེན་པ,"sman len pa/","menlenpa","སྨན་ལེན་པ ■ [2168] 1༽ སྨན་ལུས་ལ་འཕྲོད་པ། ... 2༽ སྨན་པ་ལས་སྨན་ལེན་པ། ..."
སྨན་ལེབ,"sman leb/","menlep","སྨན་ལེབ ■ tablet"
སྨན་ལོག,"sman log","menlok","སྨན་ལོག ■ [2168] པ། སྨན་ནོར་བ། ..."
སྨན་ལོག་རྒྱབ,"sman log rgyab/","menlokgyap","སྨན་ལོག་རྒྱབ"
སྨན་ལོག་པ,"sman log pa/","menlokpa","སྨན་ལོག་པ"
སྨན་གཤོངས,"sman gshongs/","menshong","སྨན་གཤོངས ■ [2168] སྨན་སྣ་ཚོགས་སྐྱེ་བའི་ཡུལ་ལྗོངས། ..."
སྨན་སག,"sman sag","mensak","སྨན་སག ■ [2168] རུས་པར་རྩུབ་རྡར་རྒྱག་བྱེད་ཀྱི་ཡོ་བྱད་ཅིག་..."
སྨན་སེམས,"sman sems/","mensem","སྨན་སེམས ■ beneficent mind, mind intent on doing good ■ [2168] ཕན་སེམས། ... མི་དམངས་ལ་སྨན་སེམས་ཁོ་ནས་ལས་དོན་ཧུར་བརྩོན་བྱེད་པ། ... ནད་གཞི་འཚོ་ཐབས་ལ་སྨན་སེམས་ཀྱིས་སྨན་བཅོས་ཞིབ་ཚགས་བྱེད་པ། ..."
དང་དུ་བླང་བ་རྣམ་པ་གསུམ,"dang du blang ba rnam pa gsum/","dangdu langwa nampasum","དང་དུ་བླང་བ་རྣམ་པ་གསུམ ■ bla ma dang du blang na gdams ngag 'byung / sgom pa dang du blang na nyams skye / ting nge 'dzin dang du blang na rtogs pa 'phel lo. Bka'-gdams Thor-bu 38r.2."
སྨན་གསོ,"sman gso/","menso","སྨན་གསོ"
སྨན་གསོའི་སྐོར་ཁག,"sman gso'i skor khag","mensö korkhak","སྨན་གསོའི་སྐོར་ཁག"
སྨན་བསང༌,"sman bsang /","mensang","སྨན་བསང༌ ■ [2168] སྨན་སྣ་ཚོགས་སྦྱར་བའི་བདུག་པ། ..."
སྨན་བསྲེས་པ,"sman bsres pa/","mensepa","སྨན་བསྲེས་པ"
སྨན་ཧྲོབ,"sman hrob/","menhrop","སྨན་ཧྲོབ ■ medicines not pounded ■ [2168] སྨན་ཁྲམ་ཁྲུམ། ..."
སྨན་ལྷ,"sman lha/","menlha","སྨན་ལྷ ■ a deity"
སྨན་ལྷད,"sman lhad/","menlhé","སྨན་ལྷད ■ [2168] སྨན་ལ་བསྲེས་པའི་སྐྱོན། ..."
སྨནད་ཚོང་མ,"smand tshong ma/","mentsongma","སྨནད་ཚོང་མ"
སྨར་རྐྱང༌,"smar rkyang /","markyang","སྨར་རྐྱང༌ ■ [2168] གསེར་དངུལ་རྐྱང་པ་ལྟ་བུའི་ནོར་གཅེས་པ། ... དངུལ་སྨར་རྐྱང། ... འབྲུ་ནས་སྨར་རྐྱང། ..."
སྨར་ཁམས,"smar khams/","markham","སྨར་ཁམས ■ county in 21th cent Tibet. ■ anything fried or preserved in butter, name of a district ■ [2168] རྫོང་ཞིག་བོད་རང་སྐྱོང་ལྗོངས་ཀྱི་ཤར་རྒྱུད་ན་ཡོད། དེའི་ཤར་ངོས་འབྲི་ཆུའི་ཕ་རོལ་ནི་སི་ཁྲོན་ཞིང་ཆེན་ཡིན། རྫོང་དེའི་ནུབ་རྒྱུད་དུ་ཟླ་ཆུ་འབབ་ཅིང་ལྷོ་ངོས་ཡུན་ནན་ཞིང་ཆེན་དང་འབྲེལ་ནས་ཡོད། རྫོང་མི་དམངས་སྲིད་གཞུང་དེ་སྒར་ཐོག་ཏུ་ཡོད། ..."
དང་པོའི་མགོན་པོ,"dang po'i mgon po/","dangpö gönpo","དང་པོའི་མགོན་པོ ■ In generation stage of Guhyasamaja, the initial deity form that corresponds to the death of the bar do being. ■ primordial protector ■ [1241] ལོངས་སྤྱོད་རྫོགས་པའི་སྐུ། ..."
སྨར་ཁམས་སྒང༌,"smar khams sgang /","markhamgang","སྨར་ཁམས་སྒང༌ ■ Markham Gang, one of the Three or the Six Ranges of Dokham ■ [2168] ཆབ་མདོའི་རྫུ་ཆུ་དང། འབྲི་ཆུ་གཉིས་དབར་དུ་ཆགས་པའི་ས་རྒྱུད། དེང་སྐབས་ཆབ་མདོ་དང། བྲག་གཡབ། སྨར་ཁམས་སྒར་ཐོག་སོགས་ཀྱི་ཡུལ་ལུང་གི་སྤྱི་མིང། ..."
སྨར་ཁོག་ཆུ,"smar khog chu/","markhokchu","སྨར་ཁོག་ཆུ"
སྨར་ཁྲག་ཟོང་གསུམ,"smar khrag zong gsum/","martrak zongsum","སྨར་ཁྲག་ཟོང་གསུམ"
སྨར་གྱོ་གཙང་གསུམ,"smar gyo gtsang gsum/","margyo tsangsum","སྨར་གྱོ་གཙང་གསུམ"
སྨར་ཆུ,"smar chu/","marchu","སྨར་ཆུ ■ [2169] བོད་རང་སྐྱོང་ལྗོངས་ཁོངས་གོ་འཇོ་རྫོང་གི་ནུབ་རྒྱུད་ནས་འབབ་ཅིང། རིམ་གྱིས་རི་ཆུ། རྩེ་ཆུ་སོགས་དང་འདྲེས་རྗེས་གོ་འཇོ་རྫོང་གི་བྱང་ཤར་མཚམས་སུ་འབྲི་ཆུའི་ནང་དུ་འབབ། ..."
སྨར་ཐག་གཅོད,"smar thag gcod/","martakchö","སྨར་ཐག་གཅོད ■ achieve elucidation, become complete clear about"
སྨར་འདེགས,"smar 'degs/","mandek","སྨར་འདེགས ■ anything fried or preserved in butter ■ [2169] སྣམ་རས་ཀོ་ཤོག་སོགས་ཕྱི་འཐུམ་དང། སྒམ་དང། སྒྱེ་ཕད་སོགས་བླུག་སྣོད་ཕྱི་རྫས་ཀྱི་ལྗིད་གྲིབ་ཕུད་པའི་ནང་དངོས་སྨར་ཟོག་རྐྱང་པ་གང་ཡིན་གྱི་ལྗིད་ཚད། ..."
སྨར་བ་ཡོད་པ,"smar ba yod pa/","marwa yöpa","སྨར་བ་ཡོད་པ ■ gained success"
སྨར་སྨར་ལྡིག་ལྡིག,"smar smar ldig ldig","marmandindik","སྨར་སྨར་ལྡིག་ལྡིག"
སྨར་ཚང༌,"smar tshang /","martsang","སྨར་ཚང༌ ■ [2169] ཕག་གྲུ་བཀའ་བརྒྱུད་ཀྱི་ནང་གསེས་ཤིག་..."
དང་བ,"dang ba/","dangwa","དང་བ ■ Stein. dga' ba dang dad pa don gnyis la 'jug par 'dir phyi ma'o. Gser Sbram 43. ■ Hopkins' Translations: clear; pureOthers' Translations: {C}clears upSanskrit: {MSA}prasanna; {MSA}prasāda; {C}dang bar 'gyur te = prasādhayati (=adho nayet) ■ prasanna ■ prasāda ■ faith སེམས་དང་བ་དྲག་པོས་ her mind filled with faith ■ sincere and honest གཞན་ལ་དང་བ་མེད་པ་ not sincere and honest with others ■ sincere, pure; joy, delight, enthusiasm, faith, admiration, serene, sincerity, to be pure, pure, clear; inspiration ■ lucid, limpid, transparent, lucidity, sincere faith, pure, clear, cleaned, sifted, sincere, single-hearted, guileless, interest ■ [1241] 1. ༼ཐ་མི་དད་པ༽ ཡིད་དགའ་བའམ་དད་མོས་སྐྱེ་བ། ... དང་བས་ཧུར་ལེན། ... གཞན་གྱི་ཡོན་ཏན་ལ་དང་བ། ... སྤྱོད་བཟང་ལ་དང་བར་བྱ། ... 2... .1༽ དད་མོས་ཀྱི་སེམས། ... དང་བ་སྟོན་པ། ... དང་དྲག་པོ། ... དང་བ་འདྲེན་པ། ... དང་བ་མི་ཕྱེད་པ། ... མགྲིན་པའི་ལམ་ནས་ལེགས་པར་སྒྲོག་པ་ཡིས། ཡིད་ལ་དང་བ་མཆོག་སྐྱེད་མཛད་པ་ཁྱོད། ... 2༽ རྙོག་པ་མེད་པའམ་ར་རི་མེད་པ། ... དང་བའི་གཟུགས། ... དང་བའི་སེམས། ... དང་བར་གྱུར་པའི་དམིགས་པ། ... མོས་གུས་དང་བའི་ཡིད་ཀྱིས་ཧུར་བརྩོན་བྱེད། ..."
སྨར་ཚང་ཤེས་རབ་སེང་གེ,"smar tshang shes rab seng ge/","martsang sherap sengé","སྨར་ཚང་ཤེས་རབ་སེང་གེ ■ [2169] སྨར་ཚང་བཀའ་བརྒྱུད་ཀྱི་སྲོལ་གཏོད་པོ་ཡིན། ཕྱིས་སུ་ལུགས་དེ་ཁམས་དཔལ་ཡུལ་གྱི་རྙིང་མ་པ་དང་གཅིག་ཏུ་དྲིལ་ནས་དེའི་བླ་མ་རྣམས་ལ་ཀརྨ་པའི་ཡང་སྲིད་ཟེར། ..."
སྨར་ཟོང༌,"smar zong /","marzong","སྨར་ཟོང༌"
སྨར་རི,"smar ri/","marri","སྨར་རི ■ [2169] རྩ་ཆེའི་དངོས་རིགས་ཀྱི་རིན་ཐང། ..."
སྨར་ལུད,"smar lud/","marlü","སྨར་ལུད ■ [2169] རུལ་སུངས་ཀྱི་ལུད་སྣུམ་གཤེར་ཅན། ..."
སྨལ་པོ,"smal po/","melpo","སྨལ་པོ ■ 1 of 28 constellations, SA rgyu skar, deer-head, 5th star ■ [2169] སྐར་མ་མགོ། ..."
སྨལ་པོ་ཟླ་ཕྱེད,"smal po zla phyed/","melpo daché","སྨལ་པོ་ཟླ་ཕྱེད ■ [2169] ཉི་སྐར་ལྔ་དང་ཆུ་ཚོད་ལྔ་བཅུ། སྤྱི་ཟླ་བདུན་པའི་ཚེས་བཅུ་གཉིས་སྐོར་ལ་སྨལ་པོ་ཟླ་ཕྱེད་ཅེས་ཞག་བཅོ་ལྔ་བརྩི་བའོ། ..."
སྨལ་པོའི་གདོང་ཆར,"smal po'i gdong char/","melpö dongchar","སྨལ་པོའི་གདོང་ཆར ■ [2170] དབྱར་ཉི་ལྡོག་ནས་ལོག་ཞག་ཉི་ཤུའི་མཚམས་སུ་སྨལ་པོའི་གདོང་ཆར་ཞེས་པ་ཆར་ངེས་པར་དུ་འབབ་ཟེར། ..."
སྨལ་ཟླ,"smal zla/","menda","སྨལ་ཟླ ■ [2170] སྨལ་པོའི་ཟླ་བ་སྟེ་ཧོར་ཟླ་བཅུ་གཅིག་པ། ..."
སྨས་པ་ལེན་པ,"smas pa len pa/","mepa lenpa","སྨས་པ་ལེན་པ ■ [2170] ༼རྙིང༽ བརྙས་ཆོས་བྱེད་པ། ..."
སྨི,"smi/","mi","སྨི ■ meter"